{"Accuracy": 83.05084745762711, "Precision_Positive": 0.7794117647058824, "Recall_Positive": 0.9137931034482759, "F1-score_Positive": 0.8412698412698414, "Precision_Negative": 0.9, "Recall_Negative": 0.75, "F1-score_Negative": 0.8181818181818182}