{"Theta": [1.2727395102144725, 0.6252717978246105, 1.1810886860338, -2.019960860753031, -0.9174237486217481, -1.4316644440362738, 0.12400634801638553, -0.3655343746395795, -0.3572396226684113, -0.1751304791112237, -1.4581564610236364, -0.05098905639083942, -0.6155550359375916, -0.27470630985846867, -1.1928165227289018, -0.24218823260047134, -0.20600608988184055, -0.04473075142533374, -0.27778450360207974, -0.2953781009211749, -0.456357493090475, -1.0432024903729458, 0.027771709856315517, -0.2924313146110423, 0.015566806392271211, -0.32737959044644505, -0.14388692842369946, -0.9246525691864247], "Alpha": 0.5, "Lambda": 1}